{"cameraMode":{"drawMode":0,"name":"Shaded","section":"Shading Mode"},"sceneLighting":false,"audioPlay":false,"sceneViewState":{"showFog":true,"showMaterialUpdate":false,"showSkybox":true,"showFlares":true,"showImageEffects":true,"showParticleSystems":true},"in2DMode":false,"pivot":{"x":10.388195037841797,"y":29.845340728759767,"z":19.474090576171876},"rotation":{"x":0.12284855544567108,"y":0.6332427859306336,"z":-0.10273393988609314,"w":0.7572037577629089},"size":34.015621185302737,"orthographic":false}