{"cameraMode":{"drawMode":0,"name":"Shaded","section":"Shading Mode"},"sceneLighting":false,"audioPlay":false,"sceneViewState":{"showFog":true,"showMaterialUpdate":false,"showSkybox":true,"showFlares":true,"showImageEffects":true,"showParticleSystems":true},"in2DMode":false,"pivot":{"x":-50.61955261230469,"y":251.23074340820313,"z":-343.5614318847656},"rotation":{"x":-0.021256688982248308,"y":-0.08731207251548767,"z":0.0018621060298755766,"w":-0.9959524869918823},"size":22.0,"orthographic":false}