{"cameraMode":{"drawMode":0,"name":"Shaded","section":"Shading Mode"},"sceneLighting":false,"audioPlay":false,"sceneViewState":{"showFog":true,"showMaterialUpdate":false,"showSkybox":true,"showFlares":true,"showImageEffects":true,"showParticleSystems":true},"in2DMode":false,"pivot":{"x":96.03956604003906,"y":70.0657730102539,"z":-135.92849731445313},"rotation":{"x":0.04051968827843666,"y":0.12243988364934921,"z":-0.005001646466553211,"w":0.9916358590126038},"size":22.0,"orthographic":false}