{"cameraMode":{"drawMode":0,"name":"Shaded","section":"Shading Mode"},"sceneLighting":false,"audioPlay":false,"sceneViewState":{"showFog":true,"showMaterialUpdate":false,"showSkybox":true,"showFlares":true,"showImageEffects":true,"showParticleSystems":true},"in2DMode":false,"pivot":{"x":460.4904479980469,"y":115.18228149414063,"z":253.6367645263672},"rotation":{"x":0.1762077659368515,"y":0.04708229377865791,"z":-0.008436691015958786,"w":0.9831901788711548},"size":1146.697265625,"orthographic":false}